10000000.0000000000000000,11.7517200000000000,-436.7134000000000000,10000000.0000000000000000,16.7540100000000000,-595.6246000000000000
10140000.0000000000000000,11.8914900000000000,-430.1553000000000000,10140000.0000000000000000,16.7935300000000000,-586.5862000000000000
10280000.0000000000000000,11.8439000000000000,-423.8316000000000000,10280000.0000000000000000,17.1120600000000000,-577.7484000000000000
10420000.0000000000000000,12.0377000000000000,-417.6348000000000000,10420000.0000000000000000,17.2546000000000000,-569.1780000000000000
10560000.0000000000000000,12.2563900000000000,-411.6077000000000000,10560000.0000000000000000,17.8367000000000000,-560.7548000000000000
10700000.0000000000000000,12.3743900000000000,-405.6827000000000000,10700000.0000000000000000,18.1328700000000000,-552.5276000000000000
10840000.0000000000000000,12.8313100000000000,-399.8163000000000000,10840000.0000000000000000,18.6563500000000000,-544.4257000000000000
10980000.0000000000000000,13.3747400000000000,-394.3410000000000000,10980000.0000000000000000,19.6583300000000000,-536.6956000000000000
11120000.0000000000000000,13.7251600000000000,-389.1973000000000000,11120000.0000000000000000,20.4201000000000000,-529.8567000000000000
11260000.0000000000000000,14.1248300000000000,-384.3592000000000000,11260000.0000000000000000,20.8925700000000000,-523.3949000000000000
11400000.0000000000000000,14.0700800000000000,-379.6683000000000000,11400000.0000000000000000,20.8882600000000000,-517.0320000000000000
11540000.0000000000000000,13.8768200000000000,-374.9086000000000000,11540000.0000000000000000,20.6985900000000000,-510.6930000000000000
11680000.0000000000000000,13.7581200000000000,-370.1688000000000000,11680000.0000000000000000,20.3288500000000000,-504.1381000000000000
11820000.0000000000000000,13.6329800000000000,-365.2910000000000000,11820000.0000000000000000,20.1284400000000000,-497.4062000000000000
11960000.0000000000000000,13.6266800000000000,-360.5179000000000000,11960000.0000000000000000,20.0580900000000000,-490.8376000000000000
12100000.0000000000000000,13.6151300000000000,-355.7133000000000000,12100000.0000000000000000,20.2383800000000000,-484.0015000000000000
12240000.0000000000000000,13.7920500000000000,-351.0533000000000000,12240000.0000000000000000,20.1741800000000000,-477.6210000000000000
12380000.0000000000000000,13.9707900000000000,-346.5520000000000000,12380000.0000000000000000,20.6302600000000000,-471.3272000000000000
12520000.0000000000000000,14.1585200000000000,-342.0606000000000000,12520000.0000000000000000,20.8112400000000000,-465.2010000000000000
12660000.0000000000000000,14.3347900000000000,-337.7535000000000000,12660000.0000000000000000,21.2134600000000000,-459.1588000000000000
12800000.0000000000000000,14.5506600000000000,-333.4949000000000000,12800000.0000000000000000,21.5764600000000000,-453.1010000000000000
12940000.0000000000000000,14.8739600000000000,-329.2769000000000000,12940000.0000000000000000,21.9654500000000000,-447.2679000000000000
13080000.0000000000000000,15.1133300000000000,-325.0943000000000000,13080000.0000000000000000,22.4697200000000000,-441.4388000000000000
13220000.0000000000000000,15.4881400000000000,-321.0698000000000000,13220000.0000000000000000,22.9022800000000000,-435.6638000000000000
13360000.0000000000000000,15.7948600000000000,-317.0687000000000000,13360000.0000000000000000,23.6074000000000000,-429.8354000000000000
13500000.0000000000000000,16.1154000000000000,-313.1027000000000000,13500000.0000000000000000,24.2863300000000000,-424.3848000000000000
13640000.0000000000000000,16.5888400000000000,-309.2554000000000000,13640000.0000000000000000,25.0923000000000000,-418.7514000000000000
13780000.0000000000000000,17.0051100000000000,-305.4357000000000000,13780000.0000000000000000,25.6508300000000000,-413.4517000000000000
13920000.0000000000000000,17.5118100000000000,-301.6824000000000000,13920000.0000000000000000,26.6027100000000000,-408.1441000000000000
14060000.0000000000000000,17.9693800000000000,-298.0193000000000000,14060000.0000000000000000,27.4447100000000000,-402.8132000000000000
14200000.0000000000000000,18.5587000000000000,-294.3089000000000000,14200000.0000000000000000,28.5228100000000000,-397.5685000000000000
14340000.0000000000000000,19.2504100000000000,-290.5861000000000000,14340000.0000000000000000,29.6309500000000000,-392.2186000000000000
14480000.0000000000000000,19.9629500000000000,-286.8856000000000000,14480000.0000000000000000,30.8180600000000000,-387.0782000000000000
14620000.0000000000000000,20.8954500000000000,-283.2690000000000000,14620000.0000000000000000,32.4994400000000000,-381.7316000000000000
14760000.0000000000000000,21.9766500000000000,-279.7421000000000000,14760000.0000000000000000,34.3993600000000000,-376.6658000000000000
14900000.0000000000000000,23.1943500000000000,-276.3405000000000000,14900000.0000000000000000,36.5282500000000000,-371.8184000000000000
15040000.0000000000000000,24.2906800000000000,-272.9667000000000000,15040000.0000000000000000,38.3545100000000000,-366.9108000000000000
15180000.0000000000000000,25.7441100000000000,-269.7963000000000000,15180000.0000000000000000,41.2747200000000000,-362.2032000000000000
15320000.0000000000000000,27.4279500000000000,-266.8749000000000000,15320000.0000000000000000,44.0813400000000000,-357.9122000000000000
15460000.0000000000000000,29.2275700000000000,-263.9032000000000000,15460000.0000000000000000,47.0920000000000000,-353.9423000000000000
15600000.0000000000000000,31.3364000000000000,-261.4664000000000000,15600000.0000000000000000,50.6345700000000000,-350.4792000000000000
15740000.0000000000000000,33.6289400000000000,-259.4575000000000000,15740000.0000000000000000,54.8228800000000000,-347.5476000000000000
15880000.0000000000000000,35.7377000000000000,-257.9818000000000000,15880000.0000000000000000,58.5682800000000000,-345.7382000000000000
16020000.0000000000000000,37.5413800000000000,-256.6971000000000000,16020000.0000000000000000,61.7139100000000000,-344.3112000000000000
16160000.0000000000000000,39.2491500000000000,-255.5485000000000000,16160000.0000000000000000,64.8303200000000000,-342.8576000000000000
16300000.0000000000000000,41.1030600000000000,-254.4682000000000000,16300000.0000000000000000,68.4343000000000000,-341.9720000000000000
16440000.0000000000000000,42.8856800000000000,-254.0059000000000000,16440000.0000000000000000,71.9867900000000000,-341.5558000000000000
16580000.0000000000000000,44.5494100000000000,-253.8661000000000000,16580000.0000000000000000,75.0428300000000000,-341.7707000000000000
16720000.0000000000000000,46.1126400000000000,-254.1023000000000000,16720000.0000000000000000,78.2885100000000000,-343.2737000000000000
16860000.0000000000000000,47.1084300000000000,-255.0477000000000000,16860000.0000000000000000,80.6806500000000000,-345.5993000000000000
17000000.0000000000000000,47.4034700000000000,-256.2025000000000000,17000000.0000000000000000,82.1910600000000000,-348.5420000000000000
17140000.0000000000000000,47.2081300000000000,-257.3936000000000000,17140000.0000000000000000,82.0716900000000000,-351.9718000000000000
17280000.0000000000000000,46.0808400000000000,-258.4515000000000000,17280000.0000000000000000,80.7211900000000000,-355.3945000000000000
17420000.0000000000000000,44.5398900000000000,-259.3208000000000000,17420000.0000000000000000,78.3084600000000000,-357.7465000000000000
17560000.0000000000000000,42.2103000000000000,-259.5177000000000000,17560000.0000000000000000,74.8784900000000000,-359.4609000000000000
17700000.0000000000000000,39.8802200000000000,-259.1716000000000000,17700000.0000000000000000,70.7852000000000000,-360.4179000000000000
17840000.0000000000000000,37.9176000000000000,-258.2936000000000000,17840000.0000000000000000,66.9727600000000000,-360.4230000000000000
17980000.0000000000000000,35.5631000000000000,-257.0989000000000000,17980000.0000000000000000,62.9243300000000000,-359.4449000000000000
18120000.0000000000000000,33.4645400000000000,-255.4937000000000000,18120000.0000000000000000,59.0532100000000000,-357.9792000000000000
18260000.0000000000000000,31.6642000000000000,-253.6821000000000000,18260000.0000000000000000,55.7259000000000000,-356.0467000000000000
18400000.0000000000000000,30.0246100000000000,-251.9059000000000000,18400000.0000000000000000,52.3410900000000000,-353.7343000000000000
18540000.0000000000000000,28.4035500000000000,-249.9528000000000000,18540000.0000000000000000,49.4417000000000000,-351.1507000000000000
18680000.0000000000000000,26.8644700000000000,-247.6739000000000000,18680000.0000000000000000,46.7442200000000000,-348.3321000000000000
18820000.0000000000000000,25.5096100000000000,-245.5519000000000000,18820000.0000000000000000,44.0901100000000000,-344.9610000000000000
18960000.0000000000000000,24.2865100000000000,-243.1089000000000000,18960000.0000000000000000,41.3251400000000000,-341.7852000000000000
19100000.0000000000000000,23.2063300000000000,-240.6352000000000000,19100000.0000000000000000,39.2674600000000000,-338.1887000000000000
19240000.0000000000000000,22.3212000000000000,-238.1918000000000000,19240000.0000000000000000,37.5261700000000000,-334.5325000000000000
19380000.0000000000000000,21.6366600000000000,-235.6223000000000000,19380000.0000000000000000,36.2214100000000000,-330.7336000000000000
19520000.0000000000000000,21.0220600000000000,-233.1061000000000000,19520000.0000000000000000,35.1405600000000000,-326.9781000000000000
19660000.0000000000000000,20.8458600000000000,-230.6256000000000000,19660000.0000000000000000,34.5114200000000000,-323.0029000000000000
19800000.0000000000000000,20.4667700000000000,-228.3870000000000000,19800000.0000000000000000,34.1670400000000000,-319.6116000000000000
19940000.0000000000000000,20.4558000000000000,-226.0257000000000000,19940000.0000000000000000,33.8496900000000000,-316.3962000000000000
20080000.0000000000000000,20.3664600000000000,-223.8636000000000000,20080000.0000000000000000,33.5865400000000000,-313.1060000000000000
20220000.0000000000000000,20.4625500000000000,-221.6939000000000000,20220000.0000000000000000,33.4483300000000000,-309.8873000000000000
20360000.0000000000000000,20.5244000000000000,-219.5796000000000000,20360000.0000000000000000,33.6305200000000000,-306.8890000000000000
20500000.0000000000000000,20.6955300000000000,-217.6223000000000000,20500000.0000000000000000,34.0212600000000000,-303.9759000000000000
20640000.0000000000000000,21.0597400000000000,-215.7022000000000000,20640000.0000000000000000,34.5053600000000000,-301.1332000000000000
20780000.0000000000000000,21.3860300000000000,-213.9221000000000000,20780000.0000000000000000,35.2010700000000000,-298.5411000000000000
20920000.0000000000000000,21.8870100000000000,-212.3123000000000000,20920000.0000000000000000,36.0373500000000000,-295.9970000000000000
21060000.0000000000000000,22.3777000000000000,-210.8131000000000000,21060000.0000000000000000,36.9383900000000000,-294.2288000000000000
21200000.0000000000000000,22.8198600000000000,-209.4550000000000000,21200000.0000000000000000,37.8142200000000000,-292.5673000000000000
21340000.0000000000000000,23.1627300000000000,-208.3598000000000000,21340000.0000000000000000,38.4511100000000000,-291.2291000000000000
21480000.0000000000000000,23.4897500000000000,-207.4438000000000000,21480000.0000000000000000,38.8335900000000000,-289.9734000000000000
21620000.0000000000000000,23.6120900000000000,-206.6236000000000000,21620000.0000000000000000,39.4022800000000000,-289.2330000000000000
21760000.0000000000000000,23.6521100000000000,-205.8088000000000000,21760000.0000000000000000,39.1491800000000000,-288.4141000000000000
21900000.0000000000000000,23.4276100000000000,-205.0372000000000000,21900000.0000000000000000,38.9241200000000000,-287.7164000000000000
22040000.0000000000000000,23.0140500000000000,-204.3177000000000000,22040000.0000000000000000,38.2532500000000000,-287.1234000000000000
22180000.0000000000000000,22.5399100000000000,-203.3461000000000000,22180000.0000000000000000,37.2903000000000000,-286.1077000000000000
22320000.0000000000000000,21.9936300000000000,-202.4303000000000000,22320000.0000000000000000,36.2706200000000000,-284.9077000000000000
22460000.0000000000000000,21.3874700000000000,-201.1870000000000000,22460000.0000000000000000,35.0815600000000000,-283.5159000000000000
22600000.0000000000000000,20.6695200000000000,-199.8468000000000000,22600000.0000000000000000,34.0207600000000000,-281.4429000000000000
22740000.0000000000000000,20.1969100000000000,-198.3708000000000000,22740000.0000000000000000,33.0385500000000000,-279.5953000000000000
22880000.0000000000000000,19.8079500000000000,-196.9224000000000000,22880000.0000000000000000,32.0613300000000000,-277.3855000000000000
23020000.0000000000000000,19.4098700000000000,-195.4313000000000000,23020000.0000000000000000,31.5766500000000000,-275.3424000000000000
23160000.0000000000000000,19.2114600000000000,-194.0133000000000000,23160000.0000000000000000,31.2202500000000000,-273.3508000000000000
23300000.0000000000000000,18.9375600000000000,-192.5492000000000000,23300000.0000000000000000,30.6853900000000000,-271.4102000000000000
23440000.0000000000000000,18.6696200000000000,-191.1986000000000000,23440000.0000000000000000,30.1380400000000000,-269.4882000000000000
23580000.0000000000000000,18.5351800000000000,-189.7653000000000000,23580000.0000000000000000,29.6497300000000000,-267.4092000000000000
23720000.0000000000000000,18.2923300000000000,-188.3471000000000000,23720000.0000000000000000,29.4020200000000000,-265.0886000000000000
23860000.0000000000000000,18.1711300000000000,-186.9319000000000000,23860000.0000000000000000,29.0246700000000000,-263.2266000000000000
24000000.0000000000000000,18.0847100000000000,-185.4915000000000000,24000000.0000000000000000,28.9475900000000000,-261.0370000000000000
24140000.0000000000000000,17.9772100000000000,-184.0947000000000000,24140000.0000000000000000,28.7964700000000000,-259.0430000000000000
24280000.0000000000000000,18.1064900000000000,-182.6374000000000000,24280000.0000000000000000,28.6834100000000000,-257.0557000000000000
24420000.0000000000000000,18.1371800000000000,-181.2972000000000000,24420000.0000000000000000,28.7456900000000000,-255.1682000000000000
24560000.0000000000000000,18.1208300000000000,-180.0175000000000000,24560000.0000000000000000,28.7945700000000000,-253.3038000000000000
24700000.0000000000000000,18.2285400000000000,-178.7562000000000000,24700000.0000000000000000,28.9137300000000000,-251.4830000000000000
24840000.0000000000000000,18.2638900000000000,-177.4890000000000000,24840000.0000000000000000,29.0124500000000000,-249.8148000000000000
24980000.0000000000000000,18.3300000000000000,-176.3153000000000000,24980000.0000000000000000,29.1237400000000000,-248.0237000000000000
25120000.0000000000000000,18.4380700000000000,-175.0992000000000000,25120000.0000000000000000,29.0698900000000000,-246.2137000000000000
25260000.0000000000000000,18.4209200000000000,-173.8623000000000000,25260000.0000000000000000,29.3925600000000000,-244.5239000000000000
25400000.0000000000000000,18.6117000000000000,-172.6912000000000000,25400000.0000000000000000,29.5758700000000000,-242.7391000000000000
25540000.0000000000000000,18.8084000000000000,-171.4962000000000000,25540000.0000000000000000,29.8684000000000000,-241.1017000000000000
25680000.0000000000000000,19.0177700000000000,-170.4022000000000000,25680000.0000000000000000,30.3116300000000000,-239.6137000000000000
25820000.0000000000000000,19.2327600000000000,-169.3390000000000000,25820000.0000000000000000,30.6219900000000000,-238.1708000000000000
25960000.0000000000000000,19.4597900000000000,-168.4142000000000000,25960000.0000000000000000,31.1046300000000000,-236.8643000000000000
26100000.0000000000000000,19.6373400000000000,-167.5338000000000000,26100000.0000000000000000,31.3288500000000000,-235.5849000000000000
26240000.0000000000000000,19.6923300000000000,-166.6847000000000000,26240000.0000000000000000,31.5501600000000000,-234.5726000000000000
26380000.0000000000000000,19.7138600000000000,-165.8203000000000000,26380000.0000000000000000,31.6305500000000000,-233.3047000000000000
26520000.0000000000000000,19.6984900000000000,-164.8869000000000000,26520000.0000000000000000,31.3997700000000000,-232.0443000000000000
26660000.0000000000000000,19.7048000000000000,-163.9111000000000000,26660000.0000000000000000,31.4271800000000000,-230.7347000000000000
26800000.0000000000000000,19.7888900000000000,-162.9012000000000000,26800000.0000000000000000,31.6041600000000000,-229.4040000000000000
26940000.0000000000000000,19.9353500000000000,-161.8656000000000000,26940000.0000000000000000,31.8128700000000000,-227.9897000000000000
27080000.0000000000000000,20.0553100000000000,-160.9148000000000000,27080000.0000000000000000,32.2399500000000000,-226.5944000000000000
27220000.0000000000000000,20.2316900000000000,-160.0175000000000000,27220000.0000000000000000,32.4741000000000000,-225.4671000000000000
27360000.0000000000000000,20.4912900000000000,-159.1956000000000000,27360000.0000000000000000,32.8916200000000000,-224.3572000000000000
27500000.0000000000000000,20.6325900000000000,-158.4126000000000000,27500000.0000000000000000,33.2118100000000000,-223.3403000000000000
27640000.0000000000000000,20.7810800000000000,-157.7084000000000000,27640000.0000000000000000,33.4820300000000000,-222.2227000000000000
27780000.0000000000000000,20.9277100000000000,-156.9003000000000000,27780000.0000000000000000,33.7705300000000000,-221.3823000000000000
27920000.0000000000000000,21.0619900000000000,-156.2054000000000000,27920000.0000000000000000,33.9259600000000000,-220.5723000000000000
28060000.0000000000000000,21.1622800000000000,-155.4926000000000000,28060000.0000000000000000,34.0819100000000000,-219.7701000000000000
28200000.0000000000000000,21.2761400000000000,-154.8709000000000000,28200000.0000000000000000,34.3410200000000000,-218.9354000000000000
28340000.0000000000000000,21.2667000000000000,-154.2349000000000000,28340000.0000000000000000,34.3489500000000000,-218.1631000000000000
28480000.0000000000000000,21.2686200000000000,-153.6037000000000000,28480000.0000000000000000,34.2825100000000000,-217.3882000000000000
28620000.0000000000000000,21.1902400000000000,-152.9322000000000000,28620000.0000000000000000,34.2823800000000000,-216.5849000000000000
28760000.0000000000000000,21.2127600000000000,-152.2798000000000000,28760000.0000000000000000,34.2952200000000000,-215.7844000000000000
28900000.0000000000000000,21.1056900000000000,-151.6079000000000000,28900000.0000000000000000,34.1327400000000000,-214.9694000000000000
29040000.0000000000000000,21.0858900000000000,-150.8935000000000000,29040000.0000000000000000,34.0313700000000000,-214.0930000000000000
29180000.0000000000000000,21.0007300000000000,-150.1791000000000000,29180000.0000000000000000,33.8748300000000000,-213.2057000000000000
29320000.0000000000000000,20.8840000000000000,-149.5031000000000000,29320000.0000000000000000,33.7506900000000000,-212.1818000000000000
29460000.0000000000000000,20.8371000000000000,-148.7460000000000000,29460000.0000000000000000,33.5309000000000000,-211.3154000000000000
29600000.0000000000000000,20.7817000000000000,-148.0209000000000000,29600000.0000000000000000,33.4290800000000000,-210.3902000000000000
29740000.0000000000000000,20.6805600000000000,-147.2834000000000000,29740000.0000000000000000,33.2690300000000000,-209.3428000000000000
29880000.0000000000000000,20.6565200000000000,-146.5359000000000000,29880000.0000000000000000,33.2405900000000000,-208.3363000000000000
30020000.0000000000000000,20.6371700000000000,-145.6995000000000000,30020000.0000000000000000,33.1663700000000000,-207.2640000000000000
30160000.0000000000000000,20.6708500000000000,-144.9535000000000000,30160000.0000000000000000,33.2453500000000000,-206.2351000000000000
30300000.0000000000000000,20.6556100000000000,-144.2270000000000000,30300000.0000000000000000,33.3530500000000000,-205.1961000000000000
30440000.0000000000000000,20.7381600000000000,-143.5187000000000000,30440000.0000000000000000,33.4655500000000000,-204.2904000000000000
30580000.0000000000000000,20.8398000000000000,-142.8468000000000000,30580000.0000000000000000,33.6522800000000000,-203.4755000000000000
30720000.0000000000000000,20.8795800000000000,-142.2192000000000000,30720000.0000000000000000,33.7140800000000000,-202.5999000000000000
30860000.0000000000000000,20.9454800000000000,-141.6238000000000000,30860000.0000000000000000,33.7389100000000000,-201.8846000000000000
31000000.0000000000000000,20.9316500000000000,-141.0656000000000000,31000000.0000000000000000,33.7655900000000000,-201.1770000000000000
31140000.0000000000000000,20.9103900000000000,-140.4738000000000000,31140000.0000000000000000,33.6735800000000000,-200.4333000000000000
31280000.0000000000000000,20.8595400000000000,-139.9069000000000000,31280000.0000000000000000,33.5448700000000000,-199.7672000000000000
31420000.0000000000000000,20.7786200000000000,-139.2803000000000000,31420000.0000000000000000,33.4493400000000000,-199.0335000000000000
31560000.0000000000000000,20.6610900000000000,-138.6937000000000000,31560000.0000000000000000,33.2010900000000000,-198.1558000000000000
31700000.0000000000000000,20.5841700000000000,-138.0221000000000000,31700000.0000000000000000,32.9695700000000000,-197.3041000000000000
31840000.0000000000000000,20.4652800000000000,-137.3528000000000000,31840000.0000000000000000,32.8134800000000000,-196.3916000000000000
31980000.0000000000000000,20.3515900000000000,-136.6775000000000000,31980000.0000000000000000,32.6328500000000000,-195.5243000000000000
32120000.0000000000000000,20.2795900000000000,-135.9471000000000000,32120000.0000000000000000,32.4782200000000000,-194.5142000000000000
32260000.0000000000000000,20.2849400000000000,-135.2314000000000000,32260000.0000000000000000,32.4153700000000000,-193.5106000000000000
32400000.0000000000000000,20.1911800000000000,-134.5327000000000000,32400000.0000000000000000,32.3556900000000000,-192.4532000000000000
32540000.0000000000000000,20.2307000000000000,-133.7527000000000000,32540000.0000000000000000,32.3333100000000000,-191.5140000000000000
32680000.0000000000000000,20.2514000000000000,-133.1002000000000000,32680000.0000000000000000,32.3887300000000000,-190.4977000000000000
32820000.0000000000000000,20.2857200000000000,-132.3500000000000000,32820000.0000000000000000,32.3258200000000000,-189.5147000000000000
32960000.0000000000000000,20.3115500000000000,-131.6625000000000000,32960000.0000000000000000,32.6099500000000000,-188.5662000000000000
33100000.0000000000000000,20.4206400000000000,-130.9872000000000000,33100000.0000000000000000,32.6822400000000000,-187.5698000000000000
33240000.0000000000000000,20.5642900000000000,-130.2753000000000000,33240000.0000000000000000,32.7767700000000000,-186.6171000000000000
33380000.0000000000000000,20.6068700000000000,-129.6440000000000000,33380000.0000000000000000,32.9074600000000000,-185.7306000000000000
33520000.0000000000000000,20.7596300000000000,-128.9978000000000000,33520000.0000000000000000,33.1593000000000000,-184.8581000000000000
33660000.0000000000000000,20.8375700000000000,-128.4036000000000000,33660000.0000000000000000,33.4242200000000000,-184.0105000000000000
33800000.0000000000000000,21.0224900000000000,-127.7756000000000000,33800000.0000000000000000,33.7335900000000000,-183.1100000000000000
33940000.0000000000000000,21.1428400000000000,-127.2217000000000000,33940000.0000000000000000,33.8933600000000000,-182.3773000000000000
34080000.0000000000000000,21.3129400000000000,-126.6544000000000000,34080000.0000000000000000,34.1766400000000000,-181.5558000000000000
34220000.0000000000000000,21.4596400000000000,-126.0745000000000000,34220000.0000000000000000,34.4714900000000000,-180.8518000000000000
34360000.0000000000000000,21.6542800000000000,-125.5604000000000000,34360000.0000000000000000,34.8122700000000000,-180.1181000000000000
34500000.0000000000000000,21.8191500000000000,-125.0038000000000000,34500000.0000000000000000,35.1148000000000000,-179.4556000000000000
34640000.0000000000000000,21.9793200000000000,-124.5668000000000000,34640000.0000000000000000,35.4778600000000000,-178.8393000000000000
34780000.0000000000000000,22.2312500000000000,-124.1089000000000000,34780000.0000000000000000,35.8258600000000000,-178.2641000000000000
34920000.0000000000000000,22.3767400000000000,-123.7016000000000000,34920000.0000000000000000,36.2387200000000000,-177.7809000000000000
35060000.0000000000000000,22.5514100000000000,-123.3291000000000000,35060000.0000000000000000,36.6201600000000000,-177.3932000000000000
35200000.0000000000000000,22.7387500000000000,-123.0264000000000000,35200000.0000000000000000,37.0384700000000000,-177.0191000000000000
35340000.0000000000000000,22.8780100000000000,-122.7327000000000000,35340000.0000000000000000,37.2768900000000000,-176.7416000000000000
35480000.0000000000000000,22.9678500000000000,-122.4786000000000000,35480000.0000000000000000,37.5323200000000000,-176.6050000000000000
35620000.0000000000000000,23.0586900000000000,-122.2854000000000000,35620000.0000000000000000,37.6247300000000000,-176.4922000000000000
35760000.0000000000000000,23.0766000000000000,-122.0796000000000000,35760000.0000000000000000,37.7695300000000000,-176.3452000000000000
35900000.0000000000000000,23.0481100000000000,-121.8792000000000000,35900000.0000000000000000,37.7216300000000000,-176.2818000000000000
36040000.0000000000000000,22.9448200000000000,-121.6904000000000000,36040000.0000000000000000,37.7403900000000000,-176.2462000000000000
36180000.0000000000000000,22.7976700000000000,-121.4597000000000000,36180000.0000000000000000,37.4562700000000000,-176.1125000000000000
36320000.0000000000000000,22.6458100000000000,-121.2010000000000000,36320000.0000000000000000,37.2397600000000000,-175.9756000000000000
36460000.0000000000000000,22.4700300000000000,-120.9853000000000000,36460000.0000000000000000,36.8531500000000000,-175.7505000000000000
36600000.0000000000000000,22.2344200000000000,-120.6488000000000000,36600000.0000000000000000,36.4593700000000000,-175.5562000000000000
36740000.0000000000000000,21.9426900000000000,-120.3413000000000000,36740000.0000000000000000,35.9383300000000000,-175.3387000000000000
36880000.0000000000000000,21.7008700000000000,-119.9520000000000000,36880000.0000000000000000,35.4678500000000000,-174.8912000000000000
37020000.0000000000000000,21.3830400000000000,-119.5759000000000000,37020000.0000000000000000,34.9435300000000000,-174.4917000000000000
37160000.0000000000000000,21.0841500000000000,-119.1179000000000000,37160000.0000000000000000,34.4106500000000000,-173.9509000000000000
37300000.0000000000000000,20.8420600000000000,-118.6088000000000000,37300000.0000000000000000,33.8886700000000000,-173.3948000000000000
37440000.0000000000000000,20.5632300000000000,-118.0732000000000000,37440000.0000000000000000,33.3831200000000000,-172.7139000000000000
37580000.0000000000000000,20.3399000000000000,-117.5380000000000000,37580000.0000000000000000,32.9513100000000000,-171.9789000000000000
37720000.0000000000000000,20.1373100000000000,-116.9689000000000000,37720000.0000000000000000,32.6063700000000000,-171.2892000000000000
37860000.0000000000000000,19.9827600000000000,-116.4103000000000000,37860000.0000000000000000,32.1032400000000000,-170.4838000000000000
38000000.0000000000000000,19.7937000000000000,-115.8235000000000000,38000000.0000000000000000,31.8951600000000000,-169.6631000000000000
38140000.0000000000000000,19.6505300000000000,-115.2288000000000000,38140000.0000000000000000,31.6019300000000000,-168.8953000000000000
38280000.0000000000000000,19.4827600000000000,-114.6651000000000000,38280000.0000000000000000,31.2619600000000000,-168.0802000000000000
38420000.0000000000000000,19.3818400000000000,-114.0387000000000000,38420000.0000000000000000,31.0715000000000000,-167.1754000000000000
38560000.0000000000000000,19.2794300000000000,-113.4790000000000000,38560000.0000000000000000,30.8132300000000000,-166.3971000000000000
38700000.0000000000000000,19.1997400000000000,-112.8764000000000000,38700000.0000000000000000,30.6442900000000000,-165.4903000000000000
38840000.0000000000000000,19.1342300000000000,-112.2575000000000000,38840000.0000000000000000,30.4464000000000000,-164.6334000000000000
38980000.0000000000000000,19.0566900000000000,-111.6212000000000000,38980000.0000000000000000,30.2394400000000000,-163.7327000000000000
39120000.0000000000000000,19.0439800000000000,-111.0298000000000000,39120000.0000000000000000,30.1747000000000000,-162.8520000000000000
39260000.0000000000000000,18.9743900000000000,-110.4709000000000000,39260000.0000000000000000,30.0320500000000000,-161.9858000000000000
39400000.0000000000000000,18.9362300000000000,-109.8302000000000000,39400000.0000000000000000,30.0570000000000000,-161.1717000000000000
39540000.0000000000000000,18.9581800000000000,-109.2287000000000000,39540000.0000000000000000,29.9344300000000000,-160.2876000000000000
39680000.0000000000000000,18.9693500000000000,-108.6248000000000000,39680000.0000000000000000,29.9475200000000000,-159.3759000000000000
39820000.0000000000000000,19.0196800000000000,-108.0403000000000000,39820000.0000000000000000,29.9097400000000000,-158.5380000000000000
39960000.0000000000000000,19.0536600000000000,-107.4846000000000000,39960000.0000000000000000,30.0072000000000000,-157.6786000000000000
40100000.0000000000000000,19.0894800000000000,-106.8898000000000000,40100000.0000000000000000,30.0762800000000000,-156.8466000000000000
40240000.0000000000000000,19.1393800000000000,-106.3308000000000000,40240000.0000000000000000,30.1094900000000000,-155.9360000000000000
40380000.0000000000000000,19.2334100000000000,-105.7681000000000000,40380000.0000000000000000,30.1998700000000000,-155.1094000000000000
40520000.0000000000000000,19.2903000000000000,-105.1988000000000000,40520000.0000000000000000,30.3228700000000000,-154.2977000000000000
40660000.0000000000000000,19.3803700000000000,-104.6457000000000000,40660000.0000000000000000,30.4680900000000000,-153.4487000000000000
40800000.0000000000000000,19.4957000000000000,-104.1021000000000000,40800000.0000000000000000,30.5972400000000000,-152.6856000000000000
40940000.0000000000000000,19.6027200000000000,-103.5877000000000000,40940000.0000000000000000,30.7567000000000000,-151.8528000000000000
41080000.0000000000000000,19.6853500000000000,-103.0558000000000000,41080000.0000000000000000,30.9766400000000000,-151.1166000000000000
41220000.0000000000000000,19.8512400000000000,-102.5157000000000000,41220000.0000000000000000,31.2101400000000000,-150.3744000000000000
41360000.0000000000000000,19.9586500000000000,-102.0330000000000000,41360000.0000000000000000,31.3655500000000000,-149.6408000000000000
41500000.0000000000000000,20.1147600000000000,-101.5345000000000000,41500000.0000000000000000,31.5960700000000000,-148.8798000000000000
41640000.0000000000000000,20.2666000000000000,-100.9990000000000000,41640000.0000000000000000,31.8397100000000000,-148.1400000000000000
41780000.0000000000000000,20.4432100000000000,-100.5599000000000000,41780000.0000000000000000,32.1676900000000000,-147.4481000000000000
41920000.0000000000000000,20.5927700000000000,-100.0758000000000000,41920000.0000000000000000,32.4329300000000000,-146.7503000000000000
42060000.0000000000000000,20.7702200000000000,-99.6066400000000000,42060000.0000000000000000,32.7339200000000000,-146.1207000000000000
42200000.0000000000000000,20.9139700000000000,-99.1940600000000000,42200000.0000000000000000,32.9900300000000000,-145.4990000000000000
42340000.0000000000000000,21.1303500000000000,-98.7575100000000000,42340000.0000000000000000,33.3887300000000000,-144.8676000000000000
42480000.0000000000000000,21.3168900000000000,-98.3305800000000000,42480000.0000000000000000,33.6289600000000000,-144.2668000000000000
42620000.0000000000000000,21.5176500000000000,-97.9017300000000000,42620000.0000000000000000,34.0148200000000000,-143.6820000000000000
42760000.0000000000000000,21.6749700000000000,-97.5561700000000000,42760000.0000000000000000,34.3434600000000000,-143.1499000000000000
42900000.0000000000000000,21.8720500000000000,-97.1580800000000000,42900000.0000000000000000,34.6871000000000000,-142.5507000000000000
43040000.0000000000000000,22.0626400000000000,-96.8080100000000000,43040000.0000000000000000,34.9752700000000000,-142.0929000000000000
43180000.0000000000000000,22.2441600000000000,-96.4473100000000000,43180000.0000000000000000,35.3238400000000000,-141.5768000000000000
43320000.0000000000000000,22.4790900000000000,-96.0703900000000000,43320000.0000000000000000,35.7170200000000000,-141.1154000000000000
43460000.0000000000000000,22.6620000000000000,-95.7664200000000000,43460000.0000000000000000,35.9969000000000000,-140.6228000000000000
43600000.0000000000000000,22.8321100000000000,-95.4180100000000000,43600000.0000000000000000,36.3570900000000000,-140.1929000000000000
43740000.0000000000000000,23.0031300000000000,-95.1283600000000000,43740000.0000000000000000,36.6835600000000000,-139.8109000000000000
43880000.0000000000000000,23.1507700000000000,-94.8186300000000000,43880000.0000000000000000,37.0168100000000000,-139.4134000000000000
44020000.0000000000000000,23.3576100000000000,-94.5187400000000000,44020000.0000000000000000,37.3686800000000000,-138.9875000000000000
44160000.0000000000000000,23.5209900000000000,-94.2564200000000000,44160000.0000000000000000,37.6308700000000000,-138.6040000000000000
44300000.0000000000000000,23.6526800000000000,-93.9511100000000000,44300000.0000000000000000,37.9653500000000000,-138.2288000000000000
44440000.0000000000000000,23.8486500000000000,-93.6876200000000000,44440000.0000000000000000,38.2765500000000000,-137.9109000000000000
44580000.0000000000000000,23.9967000000000000,-93.4264800000000000,44580000.0000000000000000,38.5548700000000000,-137.5227000000000000
44720000.0000000000000000,24.1466200000000000,-93.1727000000000000,44720000.0000000000000000,38.8356800000000000,-137.2211000000000000
44860000.0000000000000000,24.2828300000000000,-92.8965300000000000,44860000.0000000000000000,39.0973100000000000,-136.8899000000000000
45000000.0000000000000000,24.4256100000000000,-92.6365100000000000,45000000.0000000000000000,39.3663300000000000,-136.5803000000000000
45140000.0000000000000000,24.5494700000000000,-92.4168400000000000,45140000.0000000000000000,39.6890300000000000,-136.3074000000000000
45280000.0000000000000000,24.7014600000000000,-92.1597900000000000,45280000.0000000000000000,39.9360900000000000,-135.9481000000000000
45420000.0000000000000000,24.8008700000000000,-91.9494800000000000,45420000.0000000000000000,40.1370800000000000,-135.7092000000000000
45560000.0000000000000000,24.9348600000000000,-91.6944600000000000,45560000.0000000000000000,40.3721200000000000,-135.4357000000000000
45700000.0000000000000000,25.0790500000000000,-91.4700500000000000,45700000.0000000000000000,40.6048000000000000,-135.1703000000000000
45840000.0000000000000000,25.1502700000000000,-91.2322700000000000,45840000.0000000000000000,40.8403800000000000,-134.8275000000000000
45980000.0000000000000000,25.2710100000000000,-91.0334600000000000,45980000.0000000000000000,40.9937800000000000,-134.5970000000000000
46120000.0000000000000000,25.3483800000000000,-90.7978100000000000,46120000.0000000000000000,41.2223000000000000,-134.3098000000000000
46260000.0000000000000000,25.4609400000000000,-90.5506900000000000,46260000.0000000000000000,41.3646800000000000,-134.0327000000000000
46400000.0000000000000000,25.5005800000000000,-90.3395400000000000,46400000.0000000000000000,41.5592900000000000,-133.7338000000000000
46540000.0000000000000000,25.6051100000000000,-90.1056100000000000,46540000.0000000000000000,41.7637200000000000,-133.4969000000000000
46680000.0000000000000000,25.6921800000000000,-89.8629200000000000,46680000.0000000000000000,41.8566500000000000,-133.1440000000000000
46820000.0000000000000000,25.7585600000000000,-89.6199800000000000,46820000.0000000000000000,42.0629300000000000,-132.8866000000000000
46960000.0000000000000000,25.8558400000000000,-89.3493200000000000,46960000.0000000000000000,42.2345600000000000,-132.5360000000000000
47100000.0000000000000000,25.9486000000000000,-89.1266000000000000,47100000.0000000000000000,42.4460500000000000,-132.2687000000000000
47240000.0000000000000000,26.0465500000000000,-88.8441900000000000,47240000.0000000000000000,42.5380800000000000,-131.9207000000000000
47380000.0000000000000000,26.1156300000000000,-88.6162100000000000,47380000.0000000000000000,42.7371000000000000,-131.6049000000000000
47520000.0000000000000000,26.2254500000000000,-88.3092300000000000,47520000.0000000000000000,42.9032700000000000,-131.2445000000000000
47660000.0000000000000000,26.3281500000000000,-88.0594500000000000,47660000.0000000000000000,43.1277500000000000,-130.8287000000000000
47800000.0000000000000000,26.4286700000000000,-87.7972900000000000,47800000.0000000000000000,43.3195600000000000,-130.5272000000000000
47940000.0000000000000000,26.5328900000000000,-87.5306900000000000,47940000.0000000000000000,43.4976500000000000,-130.1385000000000000
48080000.0000000000000000,26.6885100000000000,-87.2681600000000000,48080000.0000000000000000,43.7567400000000000,-129.7338000000000000
48220000.0000000000000000,26.8105100000000000,-86.9795200000000000,48220000.0000000000000000,44.0536800000000000,-129.3447000000000000
48360000.0000000000000000,26.9511600000000000,-86.7281300000000000,48360000.0000000000000000,44.3559900000000000,-128.9957000000000000
48500000.0000000000000000,27.1227000000000000,-86.4337600000000000,48500000.0000000000000000,44.6675900000000000,-128.6147000000000000
48640000.0000000000000000,27.2749300000000000,-86.1911600000000000,48640000.0000000000000000,44.8917700000000000,-128.2212000000000000
48780000.0000000000000000,27.4625500000000000,-85.9363900000000000,48780000.0000000000000000,45.2311300000000000,-127.8278000000000000
48920000.0000000000000000,27.6723100000000000,-85.6865100000000000,48920000.0000000000000000,45.6406800000000000,-127.4435000000000000
49060000.0000000000000000,27.8820700000000000,-85.4300800000000000,49060000.0000000000000000,46.0316800000000000,-127.0864000000000000
49200000.0000000000000000,28.0746200000000000,-85.2312300000000000,49200000.0000000000000000,46.3729400000000000,-126.7660000000000000
49340000.0000000000000000,28.3051000000000000,-85.0079800000000000,49340000.0000000000000000,46.8119600000000000,-126.4357000000000000
49480000.0000000000000000,28.5362900000000000,-84.8052700000000000,49480000.0000000000000000,47.2790200000000000,-126.1296000000000000
49620000.0000000000000000,28.7729100000000000,-84.6094400000000000,49620000.0000000000000000,47.7099400000000000,-125.8720000000000000
49760000.0000000000000000,29.0051800000000000,-84.4340800000000000,49760000.0000000000000000,48.1946700000000000,-125.5405000000000000
49900000.0000000000000000,29.2507100000000000,-84.2588000000000000,49900000.0000000000000000,48.6960100000000000,-125.3567000000000000
50040000.0000000000000000,29.5375300000000000,-84.1167000000000000,50040000.0000000000000000,49.1730700000000000,-125.0579000000000000
50180000.0000000000000000,29.7997700000000000,-83.9815500000000000,50180000.0000000000000000,49.6964600000000000,-124.8577000000000000
50320000.0000000000000000,30.0523900000000000,-83.8432900000000000,50320000.0000000000000000,50.2632300000000000,-124.7060000000000000
50460000.0000000000000000,30.3671300000000000,-83.7567900000000000,50460000.0000000000000000,50.8622500000000000,-124.5658000000000000
50600000.0000000000000000,30.6601100000000000,-83.6726800000000000,50600000.0000000000000000,51.4797500000000000,-124.4447000000000000
50740000.0000000000000000,30.9530400000000000,-83.6084300000000000,50740000.0000000000000000,52.0427500000000000,-124.3889000000000000
50880000.0000000000000000,31.2059800000000000,-83.5727100000000000,50880000.0000000000000000,52.6379900000000000,-124.2997000000000000
51020000.0000000000000000,31.4846400000000000,-83.5721000000000000,51020000.0000000000000000,53.2533300000000000,-124.3239000000000000
51160000.0000000000000000,31.7864000000000000,-83.5541800000000000,51160000.0000000000000000,53.8487800000000000,-124.3430000000000000
51300000.0000000000000000,32.0607500000000000,-83.5887000000000000,51300000.0000000000000000,54.4911700000000000,-124.4529000000000000
51440000.0000000000000000,32.3326100000000000,-83.6271800000000000,51440000.0000000000000000,55.0883700000000000,-124.5539000000000000
51580000.0000000000000000,32.5863300000000000,-83.7224300000000000,51580000.0000000000000000,55.6966200000000000,-124.7031000000000000
51720000.0000000000000000,32.8217000000000000,-83.8029500000000000,51720000.0000000000000000,56.2798400000000000,-124.8776000000000000
51860000.0000000000000000,33.0518800000000000,-83.9181500000000000,51860000.0000000000000000,56.9262300000000000,-125.0990000000000000
52000000.0000000000000000,33.2830200000000000,-84.0616300000000000,52000000.0000000000000000,57.3959400000000000,-125.4051000000000000
52140000.0000000000000000,33.5022100000000000,-84.1899400000000000,52140000.0000000000000000,57.9929200000000000,-125.7376000000000000
52280000.0000000000000000,33.6452000000000000,-84.3604300000000000,52280000.0000000000000000,58.5671200000000000,-126.0923000000000000
52420000.0000000000000000,33.7944900000000000,-84.5489000000000000,52420000.0000000000000000,59.0760500000000000,-126.4595000000000000
52560000.0000000000000000,33.9574100000000000,-84.7262400000000000,52560000.0000000000000000,59.4948200000000000,-126.9413000000000000
52700000.0000000000000000,34.0831000000000000,-84.9218800000000000,52700000.0000000000000000,59.9889400000000000,-127.3542000000000000
52840000.0000000000000000,34.2008100000000000,-85.1101400000000000,52840000.0000000000000000,60.4308600000000000,-127.7888000000000000
52980000.0000000000000000,34.2623700000000000,-85.3412200000000000,52980000.0000000000000000,60.8150600000000000,-128.3411000000000000
53120000.0000000000000000,34.3128100000000000,-85.5649600000000000,53120000.0000000000000000,61.1860400000000000,-128.8174000000000000
53260000.0000000000000000,34.3658200000000000,-85.7675000000000000,53260000.0000000000000000,61.5172000000000000,-129.3076000000000000
53400000.0000000000000000,34.4097500000000000,-85.9873500000000000,53400000.0000000000000000,61.8795900000000000,-129.8866000000000000
53540000.0000000000000000,34.4314400000000000,-86.1997100000000000,53540000.0000000000000000,62.1210800000000000,-130.4262000000000000
53680000.0000000000000000,34.4393200000000000,-86.4117900000000000,53680000.0000000000000000,62.3545500000000000,-131.0154000000000000
53820000.0000000000000000,34.3957400000000000,-86.6395400000000000,53820000.0000000000000000,62.6069900000000000,-131.5916000000000000
53960000.0000000000000000,34.3797400000000000,-86.8261100000000000,53960000.0000000000000000,62.8602400000000000,-132.1291000000000000
54100000.0000000000000000,34.3385700000000000,-87.0582400000000000,54100000.0000000000000000,63.0429700000000000,-132.7592000000000000
54240000.0000000000000000,34.2989600000000000,-87.3000300000000000,54240000.0000000000000000,63.1462400000000000,-133.3676000000000000
54380000.0000000000000000,34.2489900000000000,-87.5201900000000000,54380000.0000000000000000,63.2894700000000000,-134.0763000000000000
54520000.0000000000000000,34.1688800000000000,-87.7729600000000000,54520000.0000000000000000,63.4881400000000000,-134.7261000000000000
54660000.0000000000000000,34.0481000000000000,-88.0182200000000000,54660000.0000000000000000,63.5425000000000000,-135.3569000000000000
54800000.0000000000000000,33.9643900000000000,-88.2650300000000000,54800000.0000000000000000,63.5610700000000000,-136.1690000000000000
54940000.0000000000000000,33.8140900000000000,-88.5075500000000000,54940000.0000000000000000,63.6004000000000000,-136.9206000000000000
55080000.0000000000000000,33.6703300000000000,-88.7304100000000000,55080000.0000000000000000,63.5444500000000000,-137.6887000000000000
55220000.0000000000000000,33.5070300000000000,-88.9965800000000000,55220000.0000000000000000,63.5570500000000000,-138.4720000000000000
55360000.0000000000000000,33.3200200000000000,-89.2109200000000000,55360000.0000000000000000,63.3547200000000000,-139.2459000000000000
55500000.0000000000000000,33.0731400000000000,-89.4850600000000000,55500000.0000000000000000,63.2065700000000000,-139.9959000000000000
55640000.0000000000000000,32.8522400000000000,-89.7322200000000000,55640000.0000000000000000,62.9843000000000000,-140.8061000000000000
55780000.0000000000000000,32.5653000000000000,-89.9211100000000000,55780000.0000000000000000,62.6785100000000000,-141.5925000000000000
55920000.0000000000000000,32.2556400000000000,-90.1524800000000000,55920000.0000000000000000,62.3172600000000000,-142.3779000000000000
56060000.0000000000000000,31.9429700000000000,-90.3808700000000000,56060000.0000000000000000,61.9397700000000000,-143.1124000000000000
56200000.0000000000000000,31.6230300000000000,-90.5393100000000000,56200000.0000000000000000,61.5658700000000000,-143.8983000000000000
56340000.0000000000000000,31.3122700000000000,-90.6828200000000000,56340000.0000000000000000,61.0433700000000000,-144.5150000000000000
56480000.0000000000000000,30.9360600000000000,-90.8073600000000000,56480000.0000000000000000,60.5003100000000000,-145.2911000000000000
56620000.0000000000000000,30.5921400000000000,-90.9487500000000000,56620000.0000000000000000,60.0047800000000000,-145.8651000000000000
56760000.0000000000000000,30.2234900000000000,-91.0669400000000000,56760000.0000000000000000,59.3527800000000000,-146.4929000000000000
56900000.0000000000000000,29.8491100000000000,-91.1347800000000000,56900000.0000000000000000,58.8033100000000000,-147.0266000000000000
57040000.0000000000000000,29.4642800000000000,-91.1869800000000000,57040000.0000000000000000,58.1273400000000000,-147.6333000000000000
57180000.0000000000000000,29.0608500000000000,-91.2491300000000000,57180000.0000000000000000,57.5183000000000000,-148.0829000000000000
57320000.0000000000000000,28.6966900000000000,-91.2685900000000000,57320000.0000000000000000,56.7370700000000000,-148.5901000000000000
57460000.0000000000000000,28.2938500000000000,-91.2975000000000000,57460000.0000000000000000,56.1110800000000000,-149.0186000000000000
57600000.0000000000000000,27.9017000000000000,-91.2972400000000000,57600000.0000000000000000,55.3729700000000000,-149.4178000000000000
57740000.0000000000000000,27.5210700000000000,-91.2765700000000000,57740000.0000000000000000,54.7130400000000000,-149.8178000000000000
57880000.0000000000000000,27.1475200000000000,-91.2722500000000000,57880000.0000000000000000,53.8528400000000000,-150.2324000000000000
58020000.0000000000000000,26.7385900000000000,-91.2267800000000000,58020000.0000000000000000,53.2321900000000000,-150.4836000000000000
58160000.0000000000000000,26.3356000000000000,-91.1772600000000000,58160000.0000000000000000,52.4405400000000000,-150.8620000000000000
58300000.0000000000000000,25.9790300000000000,-91.1263400000000000,58300000.0000000000000000,51.6684000000000000,-151.1325000000000000
58440000.0000000000000000,25.5691000000000000,-91.0792700000000000,58440000.0000000000000000,50.8136100000000000,-151.4038000000000000
58580000.0000000000000000,25.1491000000000000,-90.9914900000000000,58580000.0000000000000000,50.0071500000000000,-151.5796000000000000
58720000.0000000000000000,24.7590900000000000,-90.8715500000000000,58720000.0000000000000000,49.2092700000000000,-151.7542000000000000
58860000.0000000000000000,24.3690500000000000,-90.7750500000000000,58860000.0000000000000000,48.4082400000000000,-151.9275000000000000
59000000.0000000000000000,23.9862900000000000,-90.6265600000000000,59000000.0000000000000000,47.5708200000000000,-151.9763000000000000
59140000.0000000000000000,23.5890300000000000,-90.5072500000000000,59140000.0000000000000000,46.7336000000000000,-152.1660000000000000
59280000.0000000000000000,23.2039400000000000,-90.3331900000000000,59280000.0000000000000000,45.9094800000000000,-152.1324000000000000
59420000.0000000000000000,22.8261100000000000,-90.1873800000000000,59420000.0000000000000000,45.1503600000000000,-152.0864000000000000
59560000.0000000000000000,22.4828700000000000,-89.9631300000000000,59560000.0000000000000000,44.2718700000000000,-152.0705000000000000
59700000.0000000000000000,22.1159900000000000,-89.8008100000000000,59700000.0000000000000000,43.5067700000000000,-151.9702000000000000
59840000.0000000000000000,21.7827400000000000,-89.5713800000000000,59840000.0000000000000000,42.7271700000000000,-151.8636000000000000
59980000.0000000000000000,21.4514600000000000,-89.3786600000000000,59980000.0000000000000000,41.9828000000000000,-151.8419000000000000
60120000.0000000000000000,21.1227000000000000,-89.1697700000000000,60120000.0000000000000000,41.2035700000000000,-151.6432000000000000
60260000.0000000000000000,20.7977800000000000,-88.9471400000000000,60260000.0000000000000000,40.5754300000000000,-151.4560000000000000
60400000.0000000000000000,20.5003600000000000,-88.7154700000000000,60400000.0000000000000000,39.9233000000000000,-151.3523000000000000
60540000.0000000000000000,20.2101400000000000,-88.5075100000000000,60540000.0000000000000000,39.1877700000000000,-151.1272000000000000
60680000.0000000000000000,19.9241900000000000,-88.2755700000000000,60680000.0000000000000000,38.4628200000000000,-150.9445000000000000
60820000.0000000000000000,19.6109100000000000,-88.0512700000000000,60820000.0000000000000000,37.8810000000000000,-150.7933000000000000
60960000.0000000000000000,19.3422200000000000,-87.8291000000000000,60960000.0000000000000000,37.2468700000000000,-150.6155000000000000
61100000.0000000000000000,19.0708200000000000,-87.6076000000000000,61100000.0000000000000000,36.5161200000000000,-150.3888000000000000
61240000.0000000000000000,18.7927500000000000,-87.3787800000000000,61240000.0000000000000000,35.9534500000000000,-150.1610000000000000
61380000.0000000000000000,18.5089100000000000,-87.1190600000000000,61380000.0000000000000000,35.3086800000000000,-149.9233000000000000
61520000.0000000000000000,18.2238600000000000,-86.8702200000000000,61520000.0000000000000000,34.6332800000000000,-149.7024000000000000
61660000.0000000000000000,17.9795800000000000,-86.6144400000000000,61660000.0000000000000000,34.0549500000000000,-149.4038000000000000
61800000.0000000000000000,17.7095300000000000,-86.3688000000000000,61800000.0000000000000000,33.4298600000000000,-149.0858000000000000
61940000.0000000000000000,17.4846300000000000,-86.0986300000000000,61940000.0000000000000000,32.8655200000000000,-148.8668000000000000
62080000.0000000000000000,17.2263300000000000,-85.8468900000000000,62080000.0000000000000000,32.2261100000000000,-148.5434000000000000
62220000.0000000000000000,16.9667500000000000,-85.5793300000000000,62220000.0000000000000000,31.7464700000000000,-148.2321000000000000
62360000.0000000000000000,16.7322800000000000,-85.3196700000000000,62360000.0000000000000000,31.1561600000000000,-147.8926000000000000
62500000.0000000000000000,16.5449500000000000,-85.0531900000000000,62500000.0000000000000000,30.6413700000000000,-147.5959000000000000
62640000.0000000000000000,16.3143800000000000,-84.7795400000000000,62640000.0000000000000000,30.0954400000000000,-147.1850000000000000
62780000.0000000000000000,16.0727600000000000,-84.4931600000000000,62780000.0000000000000000,29.6013700000000000,-146.8997000000000000
62920000.0000000000000000,15.8875800000000000,-84.2134700000000000,62920000.0000000000000000,29.0953700000000000,-146.5021000000000000
63060000.0000000000000000,15.6700600000000000,-83.9321300000000000,63060000.0000000000000000,28.6238300000000000,-146.1490000000000000
63200000.0000000000000000,15.5060300000000000,-83.6797900000000000,63200000.0000000000000000,28.1094700000000000,-145.7618000000000000
63340000.0000000000000000,15.3125400000000000,-83.3771100000000000,63340000.0000000000000000,27.7370100000000000,-145.4036000000000000
63480000.0000000000000000,15.1337800000000000,-83.1070700000000000,63480000.0000000000000000,27.2792400000000000,-145.0482000000000000
63620000.0000000000000000,14.9663300000000000,-82.8336600000000000,63620000.0000000000000000,26.8386700000000000,-144.6678000000000000
63760000.0000000000000000,14.8159800000000000,-82.5710800000000000,63760000.0000000000000000,26.4699800000000000,-144.2379000000000000
63900000.0000000000000000,14.6576500000000000,-82.3287800000000000,63900000.0000000000000000,26.0724900000000000,-143.9190000000000000
64040000.0000000000000000,14.4968800000000000,-82.0288100000000000,64040000.0000000000000000,25.7362900000000000,-143.4924000000000000
64180000.0000000000000000,14.3488300000000000,-81.7535400000000000,64180000.0000000000000000,25.3570800000000000,-143.1446000000000000
64320000.0000000000000000,14.2269400000000000,-81.4733000000000000,64320000.0000000000000000,25.0367300000000000,-142.7549000000000000
64460000.0000000000000000,14.0698900000000000,-81.2201400000000000,64460000.0000000000000000,24.6901300000000000,-142.4144000000000000
64600000.0000000000000000,13.9327700000000000,-80.9380600000000000,64600000.0000000000000000,24.3181200000000000,-142.0057000000000000
64740000.0000000000000000,13.8098100000000000,-80.6834900000000000,64740000.0000000000000000,24.0535900000000000,-141.6301000000000000
64880000.0000000000000000,13.6875200000000000,-80.4236100000000000,64880000.0000000000000000,23.7112000000000000,-141.2518000000000000
65020000.0000000000000000,13.5764800000000000,-80.1810000000000000,65020000.0000000000000000,23.4864300000000000,-140.8766000000000000
65160000.0000000000000000,13.4591400000000000,-79.9057300000000000,65160000.0000000000000000,23.1997500000000000,-140.5424000000000000
65300000.0000000000000000,13.3625700000000000,-79.6583600000000000,65300000.0000000000000000,22.9021600000000000,-140.1830000000000000
65440000.0000000000000000,13.2502100000000000,-79.4032600000000000,65440000.0000000000000000,22.7376800000000000,-139.8047000000000000
65580000.0000000000000000,13.1511800000000000,-79.1621900000000000,65580000.0000000000000000,22.4603000000000000,-139.4858000000000000
65720000.0000000000000000,13.0397900000000000,-78.9114700000000000,65720000.0000000000000000,22.1989100000000000,-139.1759000000000000
65860000.0000000000000000,12.9600400000000000,-78.6889000000000000,65860000.0000000000000000,21.9644500000000000,-138.8462000000000000
66000000.0000000000000000,12.8898200000000000,-78.4777500000000000,66000000.0000000000000000,21.7584700000000000,-138.5534000000000000
66140000.0000000000000000,12.7817100000000000,-78.2430000000000000,66140000.0000000000000000,21.5500500000000000,-138.2095000000000000
66280000.0000000000000000,12.7242000000000000,-78.0216500000000000,66280000.0000000000000000,21.3548400000000000,-137.9296000000000000
66420000.0000000000000000,12.6348400000000000,-77.7944600000000000,66420000.0000000000000000,21.1862600000000000,-137.6278000000000000
66560000.0000000000000000,12.5614800000000000,-77.5827500000000000,66560000.0000000000000000,21.0279700000000000,-137.3908000000000000
66700000.0000000000000000,12.4779200000000000,-77.3773800000000000,66700000.0000000000000000,20.8547600000000000,-137.1950000000000000
66840000.0000000000000000,12.3950900000000000,-77.2084700000000000,66840000.0000000000000000,20.5748700000000000,-136.9344000000000000
66980000.0000000000000000,12.3005000000000000,-77.0115500000000000,66980000.0000000000000000,20.3991700000000000,-136.7438000000000000
67120000.0000000000000000,12.2222100000000000,-76.8139200000000000,67120000.0000000000000000,20.1938800000000000,-136.4828000000000000
67260000.0000000000000000,12.1433500000000000,-76.6425200000000000,67260000.0000000000000000,20.0197700000000000,-136.2556000000000000
67400000.0000000000000000,12.0359900000000000,-76.4687000000000000,67400000.0000000000000000,19.8154600000000000,-136.0414000000000000
67540000.0000000000000000,11.9706600000000000,-76.2900800000000000,67540000.0000000000000000,19.6209000000000000,-135.9136000000000000
67680000.0000000000000000,11.8777300000000000,-76.1331200000000000,67680000.0000000000000000,19.3948400000000000,-135.7442000000000000
67820000.0000000000000000,11.7663700000000000,-75.9619100000000000,67820000.0000000000000000,19.1894800000000000,-135.5569000000000000
67960000.0000000000000000,11.6737900000000000,-75.7999400000000000,67960000.0000000000000000,18.9473500000000000,-135.3875000000000000
68100000.0000000000000000,11.5441800000000000,-75.6481500000000000,68100000.0000000000000000,18.6800300000000000,-135.2702000000000000
68240000.0000000000000000,11.4392100000000000,-75.4849500000000000,68240000.0000000000000000,18.4762600000000000,-135.1104000000000000
68380000.0000000000000000,11.3491900000000000,-75.3288000000000000,68380000.0000000000000000,18.2139300000000000,-134.9579000000000000
68520000.0000000000000000,11.2274300000000000,-75.1881000000000000,68520000.0000000000000000,17.9101200000000000,-134.8015000000000000
68660000.0000000000000000,11.0785600000000000,-75.0121500000000000,68660000.0000000000000000,17.6134100000000000,-134.6883000000000000
68800000.0000000000000000,10.9696900000000000,-74.8691100000000000,68800000.0000000000000000,17.3316000000000000,-134.4764000000000000
68940000.0000000000000000,10.8284300000000000,-74.7021600000000000,68940000.0000000000000000,17.0099200000000000,-134.4158000000000000
69080000.0000000000000000,10.6830200000000000,-74.5390800000000000,69080000.0000000000000000,16.6500900000000000,-134.2036000000000000
69220000.0000000000000000,10.5294600000000000,-74.3985600000000000,69220000.0000000000000000,16.3428200000000000,-134.0482000000000000
69360000.0000000000000000,10.3810400000000000,-74.2160500000000000,69360000.0000000000000000,16.0104400000000000,-133.9362000000000000
69500000.0000000000000000,10.2456400000000000,-74.0488900000000000,69500000.0000000000000000,15.6616300000000000,-133.6891000000000000
69640000.0000000000000000,10.0804500000000000,-73.8837700000000000,69640000.0000000000000000,15.2566800000000000,-133.5543000000000000
69780000.0000000000000000,9.9226360000000000,-73.7067900000000000,69780000.0000000000000000,14.9186800000000000,-133.3432000000000000
69920000.0000000000000000,9.7732260000000000,-73.5234700000000000,69920000.0000000000000000,14.5699000000000000,-133.1379000000000000
70060000.0000000000000000,9.5944940000000000,-73.3332100000000000,70060000.0000000000000000,14.1609000000000000,-132.9397000000000000
70200000.0000000000000000,9.4373570000000000,-73.1596800000000000,70200000.0000000000000000,13.8240400000000000,-132.6718000000000000
70340000.0000000000000000,9.2878760000000000,-72.9429900000000000,70340000.0000000000000000,13.3890500000000000,-132.4289000000000000
70480000.0000000000000000,9.1116100000000000,-72.7562000000000000,70480000.0000000000000000,13.0362900000000000,-132.1917000000000000
70620000.0000000000000000,8.9576820000000000,-72.5596300000000000,70620000.0000000000000000,12.6551400000000000,-131.9049000000000000
70760000.0000000000000000,8.7827300000000000,-72.3401000000000000,70760000.0000000000000000,12.2963900000000000,-131.5984000000000000
70900000.0000000000000000,8.6122700000000000,-72.1245600000000000,70900000.0000000000000000,11.8768200000000000,-131.3032000000000000
71040000.0000000000000000,8.4606740000000000,-71.9141400000000000,71040000.0000000000000000,11.5081600000000000,-131.0370000000000000
71180000.0000000000000000,8.3017640000000000,-71.6977400000000000,71180000.0000000000000000,11.1422500000000000,-130.7127000000000000
71320000.0000000000000000,8.1668740000000000,-71.4689300000000000,71320000.0000000000000000,10.8652200000000000,-130.3891000000000000
71460000.0000000000000000,8.0322340000000000,-71.2288100000000000,71460000.0000000000000000,10.4509800000000000,-130.0432000000000000
71600000.0000000000000000,7.8644060000000000,-71.0060300000000000,71600000.0000000000000000,10.0648400000000000,-129.7317000000000000
71740000.0000000000000000,7.7262150000000000,-70.7608300000000000,71740000.0000000000000000,9.7799210000000000,-129.3299000000000000
71880000.0000000000000000,7.5655980000000000,-70.5288400000000000,71880000.0000000000000000,9.4815370000000000,-128.9752000000000000
72020000.0000000000000000,7.4292110000000000,-70.2801400000000000,72020000.0000000000000000,9.1046700000000000,-128.6163000000000000
72160000.0000000000000000,7.3063320000000000,-70.0454100000000000,72160000.0000000000000000,8.7802260000000000,-128.2623000000000000
72300000.0000000000000000,7.1861590000000000,-69.7877800000000000,72300000.0000000000000000,8.4858570000000000,-127.9001000000000000
72440000.0000000000000000,7.0350020000000000,-69.5394900000000000,72440000.0000000000000000,8.1445180000000000,-127.5245000000000000
72580000.0000000000000000,6.9213310000000000,-69.3036500000000000,72580000.0000000000000000,7.9275110000000000,-127.1210000000000000
72720000.0000000000000000,6.8099770000000000,-69.0461400000000000,72720000.0000000000000000,7.6273040000000000,-126.7413000000000000
72860000.0000000000000000,6.7004030000000000,-68.7901600000000000,72860000.0000000000000000,7.3105350000000000,-126.3340000000000000
73000000.0000000000000000,6.5909370000000000,-68.5497000000000000,73000000.0000000000000000,7.0894680000000000,-125.9262000000000000
73140000.0000000000000000,6.4755060000000000,-68.3049800000000000,73140000.0000000000000000,6.8403050000000000,-125.5303000000000000
73280000.0000000000000000,6.3790130000000000,-68.0416600000000000,73280000.0000000000000000,6.5534690000000000,-125.1286000000000000
73420000.0000000000000000,6.2916200000000000,-67.7892000000000000,73420000.0000000000000000,6.3289660000000000,-124.7380000000000000
73560000.0000000000000000,6.1759740000000000,-67.5357500000000000,73560000.0000000000000000,6.0687730000000000,-124.3578000000000000
73700000.0000000000000000,6.0758970000000000,-67.3055600000000000,73700000.0000000000000000,5.8579200000000000,-123.9613000000000000
73840000.0000000000000000,5.9814610000000000,-67.0425900000000000,73840000.0000000000000000,5.6575760000000000,-123.5785000000000000
73980000.0000000000000000,5.8885880000000000,-66.7943100000000000,73980000.0000000000000000,5.4451390000000000,-123.1487000000000000
74120000.0000000000000000,5.8085020000000000,-66.5425600000000000,74120000.0000000000000000,5.2451380000000000,-122.7301000000000000
74260000.0000000000000000,5.7267380000000000,-66.2892200000000000,74260000.0000000000000000,5.0500490000000000,-122.3982000000000000
74400000.0000000000000000,5.6561010000000000,-66.0374800000000000,74400000.0000000000000000,4.8278850000000000,-121.9772000000000000
74540000.0000000000000000,5.5639720000000000,-65.7968400000000000,74540000.0000000000000000,4.6129740000000000,-121.5766000000000000
74680000.0000000000000000,5.5107690000000000,-65.5565800000000000,74680000.0000000000000000,4.4779620000000000,-121.1725000000000000
74820000.0000000000000000,5.4263570000000000,-65.3179000000000000,74820000.0000000000000000,4.2983260000000000,-120.8037000000000000
74960000.0000000000000000,5.3498120000000000,-65.0610000000000000,74960000.0000000000000000,4.1434230000000000,-120.3732000000000000
75100000.0000000000000000,5.2592700000000000,-64.8121600000000000,75100000.0000000000000000,3.9533460000000000,-120.0219000000000000
75240000.0000000000000000,5.2025990000000000,-64.5661000000000000,75240000.0000000000000000,3.7950130000000000,-119.6371000000000000
75380000.0000000000000000,5.1465300000000000,-64.3332200000000000,75380000.0000000000000000,3.6396030000000000,-119.2199000000000000
75520000.0000000000000000,5.0990520000000000,-64.0841500000000000,75520000.0000000000000000,3.4919130000000000,-118.8589000000000000
75660000.0000000000000000,5.0238760000000000,-63.8497500000000000,75660000.0000000000000000,3.3261760000000000,-118.4759000000000000
75800000.0000000000000000,4.9817310000000000,-63.6044500000000000,75800000.0000000000000000,3.2372930000000000,-118.0954000000000000
75940000.0000000000000000,4.9164310000000000,-63.3835000000000000,75940000.0000000000000000,3.1225380000000000,-117.7079000000000000
76080000.0000000000000000,4.8725400000000000,-63.1319100000000000,76080000.0000000000000000,2.9619220000000000,-117.3464000000000000
76220000.0000000000000000,4.8179780000000000,-62.8879500000000000,76220000.0000000000000000,2.8895190000000000,-116.9401000000000000
76360000.0000000000000000,4.7581860000000000,-62.6687300000000000,76360000.0000000000000000,2.7482280000000000,-116.5611000000000000
76500000.0000000000000000,4.7082600000000000,-62.4156200000000000,76500000.0000000000000000,2.6450410000000000,-116.2063000000000000
76640000.0000000000000000,4.6598400000000000,-62.1948800000000000,76640000.0000000000000000,2.5289540000000000,-115.8277000000000000
76780000.0000000000000000,4.6309470000000000,-61.9582100000000000,76780000.0000000000000000,2.3900050000000000,-115.4677000000000000
76920000.0000000000000000,4.5761070000000000,-61.7337500000000000,76920000.0000000000000000,2.3535460000000000,-115.1035000000000000
77060000.0000000000000000,4.5366020000000000,-61.4972500000000000,77060000.0000000000000000,2.1812380000000000,-114.7447000000000000
77200000.0000000000000000,4.5005230000000000,-61.2677300000000000,77200000.0000000000000000,2.1135560000000000,-114.3818000000000000
77340000.0000000000000000,4.4634130000000000,-61.0453600000000000,77340000.0000000000000000,2.0288100000000000,-114.0197000000000000
77480000.0000000000000000,4.4141770000000000,-60.8175600000000000,77480000.0000000000000000,1.9412390000000000,-113.6772000000000000
77620000.0000000000000000,4.3781470000000000,-60.5967600000000000,77620000.0000000000000000,1.8634140000000000,-113.3099000000000000
77760000.0000000000000000,4.3541720000000000,-60.3722600000000000,77760000.0000000000000000,1.7949730000000000,-112.9601000000000000
77900000.0000000000000000,4.3142240000000000,-60.1582300000000000,77900000.0000000000000000,1.7049120000000000,-112.6355000000000000
78040000.0000000000000000,4.2724530000000000,-59.9388000000000000,78040000.0000000000000000,1.6846810000000000,-112.2714000000000000
78180000.0000000000000000,4.2607350000000000,-59.7079400000000000,78180000.0000000000000000,1.5723120000000000,-111.9480000000000000
78320000.0000000000000000,4.2358210000000000,-59.4851600000000000,78320000.0000000000000000,1.5326520000000000,-111.5985000000000000
78460000.0000000000000000,4.1883010000000000,-59.2689000000000000,78460000.0000000000000000,1.4065440000000000,-111.2761000000000000
78600000.0000000000000000,4.1705510000000000,-59.0749200000000000,78600000.0000000000000000,1.3755750000000000,-110.9643000000000000
78740000.0000000000000000,4.1473430000000000,-58.8469800000000000,78740000.0000000000000000,1.3162930000000000,-110.6230000000000000
78880000.0000000000000000,4.1272620000000000,-58.6284900000000000,78880000.0000000000000000,1.2900770000000000,-110.3212000000000000
79020000.0000000000000000,4.1055180000000000,-58.4252900000000000,79020000.0000000000000000,1.2468530000000000,-109.9732000000000000
79160000.0000000000000000,4.0931400000000000,-58.2192500000000000,79160000.0000000000000000,1.1779990000000000,-109.6829000000000000
79300000.0000000000000000,4.0598680000000000,-58.0159100000000000,79300000.0000000000000000,1.1266600000000000,-109.3467000000000000
79440000.0000000000000000,4.0388640000000000,-57.8214400000000000,79440000.0000000000000000,1.0723300000000000,-109.0290000000000000
79580000.0000000000000000,4.0169560000000000,-57.6062900000000000,79580000.0000000000000000,0.9970646000000000,-108.7164000000000000
79720000.0000000000000000,3.9881740000000000,-57.4084500000000000,79720000.0000000000000000,0.9714031000000000,-108.4215000000000000
79860000.0000000000000000,3.9715000000000000,-57.1976500000000000,79860000.0000000000000000,0.9406300000000000,-108.1275000000000000
80000000.0000000000000000,3.9551510000000000,-56.9930300000000000,80000000.0000000000000000,0.8638878000000000,-107.8194000000000000
